Year,Team,W,L,W-L%,G,BatAge,RG,R,H,SB,TB,HR,RBI,SB,CS,BB,SO,BA,OBP,SLG,OPS,PAge,RAG,ERA,CG,tSho,cSho,SV,HA,RA,ER,HRA,BBA,SOA,FIP,WHIP
2011,Arizona Diamondbacks,94,68,0.58,162,28.3,4.51,731,1357,293,37,172,702,133,55,531,1249,0.25,0.322,0.413,0.736,27.4,4.09,3.8,5,12,1,58,1414,662,609,159,442,1058,4.02,1.286
2011,Atlanta Braves,89,73,0.549,162,28.9,3.96,641,1345,244,16,173,606,77,44,504,1260,0.243,0.308,0.387,0.695,28.4,3.73,3.48,3,16,2,52,1332,605,572,125,521,1332,3.49,1.252
2011,Baltimore Orioles,69,93,0.426,162,28.3,4.37,708,1434,273,13,191,684,81,25,452,1120,0.257,0.316,0.413,0.729,28.2,5.31,4.89,3,7,1,32,1568,860,786,210,535,1044,4.67,1.454
2011,Boston Red Sox,90,72,0.556,162,30,5.4,875,1600,352,35,203,842,102,42,578,1108,0.28,0.349,0.461,0.81,30.3,4.55,4.2,2,13,1,36,1366,737,680,156,540,1213,4.05,1.308
2011,Chicago Cubs,71,91,0.438,162,29.2,4.04,654,1423,285,36,148,610,69,23,425,1202,0.256,0.314,0.401,0.715,29.4,4.67,4.33,4,5,1,40,1439,756,690,162,580,1224,4.11,1.408
2011,Chicago White Sox,79,83,0.488,162,30,4.04,654,1387,252,16,154,625,81,53,475,989,0.252,0.319,0.388,0.706,28.5,4.36,4.1,6,14,4,42,1463,706,665,147,439,1220,3.66,1.303
2011,Cincinnati Reds,79,83,0.488,162,28.6,4.54,735,1438,264,19,183,697,97,50,535,1250,0.256,0.326,0.408,0.734,27.7,4.44,4.16,4,5,2,39,1414,720,678,185,539,1112,4.37,1.331
2011,Cleveland Indians,80,82,0.494,162,27.8,4.35,704,1380,290,26,154,671,89,42,494,1269,0.25,0.317,0.396,0.714,26.7,4.69,4.23,2,4,0,38,1482,760,683,153,463,1024,4.06,1.338
2011,Colorado Rockies,73,89,0.451,162,28.6,4.54,735,1429,274,40,163,697,118,42,555,1201,0.258,0.329,0.41,0.739,27.7,4.78,4.43,5,7,2,41,1471,774,713,176,522,1118,4.24,1.377
2011,Detroit Tigers,95,67,0.586,162,28.7,4.86,787,1540,297,34,169,750,49,20,521,1143,0.277,0.34,0.434,0.773,27.8,4.39,4.04,4,14,2,52,1406,711,647,149,492,1115,3.95,1.318
2011,Florida Marlins,72,90,0.444,162,27.4,3.86,625,1358,274,30,149,596,95,41,542,1244,0.247,0.318,0.388,0.706,28,4.33,3.95,7,11,4,40,1403,702,640,149,500,1218,3.79,1.304
2011,Houston Astros,56,106,0.346,162,28.2,3.8,615,1442,309,28,95,579,118,33,401,1164,0.258,0.311,0.374,0.684,27.2,4.91,4.51,2,6,0,25,1477,796,719,188,560,1191,4.35,1.42
2011,Kansas City Royals,71,91,0.438,162,25.8,4.51,730,1560,325,41,129,705,153,58,442,1006,0.275,0.329,0.415,0.744,26.4,4.7,4.44,2,6,0,37,1487,762,716,163,557,1080,4.27,1.408
2011,Los Angeles Angels of Anaheim,86,76,0.531,162,28.9,4.12,667,1394,289,34,155,629,135,52,442,1086,0.253,0.313,0.402,0.714,28.4,3.91,3.57,12,11,6,39,1388,633,581,142,476,1058,3.89,1.272
2011,Los Angeles Dodgers,82,79,0.509,161,29.8,4,644,1395,237,28,117,613,126,40,498,1087,0.257,0.322,0.375,0.697,28.6,3.8,3.54,7,17,2,40,1287,612,563,132,507,1265,3.61,1.253
2011,Milwaukee Brewers,96,66,0.593,162,28.9,4.45,721,1422,276,31,185,693,94,31,481,1083,0.261,0.325,0.425,0.75,29.3,3.94,3.63,1,13,1,47,1348,638,582,147,440,1257,3.59,1.24
2011,Minnesota Twins,63,99,0.389,162,27.5,3.82,619,1357,259,25,103,572,92,39,440,1048,0.247,0.306,0.36,0.666,28.5,4.96,4.58,7,8,3,32,1564,804,724,161,480,940,4.3,1.438
2011,New York Mets,77,85,0.475,162,28,4.43,718,1477,309,39,108,676,130,35,571,1085,0.264,0.335,0.391,0.725,30,4.58,4.19,6,9,2,43,1482,742,674,147,514,1126,4,1.378
2011,New York Yankees,97,65,0.599,162,30.6,5.35,867,1452,267,33,222,836,147,46,627,1138,0.263,0.343,0.444,0.788,31,4.06,3.73,5,8,3,47,1423,657,605,152,507,1222,3.87,1.323
2011,Oakland Athletics,74,88,0.457,162,29.1,3.98,645,1330,280,29,114,612,117,43,509,1094,0.244,0.311,0.369,0.68,27.4,4.19,3.71,6,12,1,39,1380,679,597,136,519,1160,3.8,1.312
2011,Philadelphia Phillies,102,60,0.63,162,31.5,4.4,713,1409,258,38,153,693,96,24,539,1024,0.253,0.323,0.395,0.717,29.2,3.27,3.02,18,21,7,47,1320,529,495,120,404,1299,3.24,1.167
2011,Pittsburgh Pirates,72,90,0.444,162,27.2,3.77,610,1325,277,35,107,580,108,52,489,1308,0.244,0.309,0.368,0.676,28.1,4.4,4.04,5,11,3,43,1513,712,650,152,535,1031,4.2,1.413
2011,San Diego Padres,71,91,0.438,162,28,3.66,593,1284,247,42,91,563,170,44,501,1320,0.237,0.305,0.349,0.653,28.1,3.77,3.42,0,10,0,44,1324,611,551,125,521,1139,3.73,1.273
2011,Seattle Mariners,67,95,0.414,162,29.4,3.43,556,1263,253,22,109,534,125,40,435,1280,0.233,0.292,0.348,0.64,26.8,4.17,3.9,12,10,3,39,1369,675,621,145,436,1088,3.84,1.26
2011,San Francisco Giants,86,76,0.531,162,30.2,3.52,570,1327,282,24,121,534,85,51,448,1122,0.242,0.303,0.368,0.671,28.5,3.57,3.2,3,12,2,52,1260,578,522,96,559,1316,3.33,1.239
2011,St. Louis Cardinals,90,72,0.556,162,29.3,4.7,762,1513,308,22,162,726,57,39,542,978,0.273,0.341,0.425,0.766,30.2,4.27,3.74,7,9,5,47,1461,692,608,136,448,1098,3.75,1.306
2011,Tampa Bay Rays,91,71,0.562,162,28.3,4.36,707,1324,273,37,172,674,155,62,571,1193,0.244,0.322,0.402,0.724,27.8,3.79,3.58,15,13,5,32,1263,614,577,161,504,1143,4.03,1.219
2011,Texas Rangers,96,66,0.593,162,29.1,5.28,855,1599,310,32,210,807,143,45,475,930,0.283,0.34,0.46,0.8,28.8,4.18,3.79,10,19,7,38,1327,677,607,170,461,1179,3.98,1.241
2011,Toronto Blue Jays,81,81,0.5,162,28.3,4.59,743,1384,285,34,186,704,131,52,525,1184,0.249,0.317,0.413,0.73,27.6,4.7,4.32,7,10,3,33,1433,761,700,179,540,1169,4.29,1.353
2011,Washington Nationals,80,81,0.497,161,28.4,3.88,624,1319,257,22,154,594,106,38,470,1323,0.242,0.309,0.383,0.691,27.6,3.99,3.58,3,10,2,49,1403,643,577,129,477,1049,3.83,1.297
2012,Arizona Diamondbacks,81,81,0.5,162,28.3,4.53,734,1416,307,33,165,710,93,51,539,1266,0.259,0.328,0.418,0.746,27.4,4.25,3.93,4,9,2,39,1432,688,626,155,417,1200,3.8,1.29
2012,Atlanta Braves,94,68,0.58,162,28.4,4.32,700,1341,263,30,149,660,101,32,567,1289,0.247,0.32,0.389,0.709,27.6,3.7,3.42,5,16,4,47,1310,600,549,145,464,1232,3.74,1.227
2012,Baltimore Orioles,93,69,0.574,162,28,4.4,712,1375,270,16,214,677,58,29,480,1315,0.247,0.311,0.417,0.728,27.6,4.35,3.9,1,10,1,55,1433,705,642,184,481,1177,4.2,1.291
2012,Boston Red Sox,69,93,0.426,162,29.4,4.53,734,1459,339,16,165,695,97,31,428,1197,0.26,0.315,0.415,0.73,28.7,4.98,4.7,6,4,2,35,1449,806,754,190,529,1176,4.41,1.371
2012,Chicago Cubs,61,101,0.377,162,27.8,3.78,613,1297,265,36,137,570,94,45,447,1235,0.24,0.302,0.378,0.68,27.9,4.69,4.51,1,9,0,28,1399,759,708,175,573,1128,4.46,1.395
2012,Chicago White Sox,85,77,0.525,162,30,4.62,748,1409,228,29,211,726,109,43,461,1203,0.255,0.318,0.422,0.74,27.5,4.17,4.02,6,11,2,37,1365,676,646,186,503,1246,4.23,1.292
2012,Cincinnati Reds,97,65,0.599,162,28.8,4.13,669,1377,296,30,172,636,87,27,481,1266,0.251,0.315,0.411,0.726,27.1,3.63,3.34,9,12,2,56,1356,588,540,152,427,1248,3.72,1.227
2012,Cleveland Indians,68,94,0.42,162,27.8,4.12,667,1385,266,24,136,635,110,44,555,1087,0.251,0.324,0.381,0.705,27.6,5.22,4.78,2,6,1,43,1503,845,766,174,543,1086,4.4,1.419
2012,Colorado Rockies,64,98,0.395,162,28,4.68,758,1526,306,52,166,716,100,40,450,1213,0.274,0.33,0.436,0.766,28.2,5.49,5.22,0,7,0,36,1637,890,824,198,566,1144,4.59,1.549
2012,Detroit Tigers,88,74,0.543,162,27.9,4.48,726,1467,279,39,163,698,59,23,511,1103,0.268,0.335,0.422,0.757,28.2,4.14,3.75,9,8,3,40,1409,670,596,151,438,1318,3.63,1.291
2012,Houston Astros,55,107,0.34,162,26.6,3.6,583,1276,238,28,146,545,105,46,463,1365,0.236,0.302,0.371,0.673,27.2,4.9,4.56,3,11,2,31,1493,794,721,173,540,1170,4.27,1.428
2012,Kansas City Royals,72,90,0.444,162,26.1,4.17,676,1492,295,37,131,643,132,38,404,1032,0.265,0.317,0.4,0.716,27.3,4.6,4.3,2,12,1,44,1504,746,693,163,542,1177,4.18,1.41
2012,Los Angeles Angels of Anaheim,89,73,0.549,162,28.7,4.73,767,1518,273,22,187,732,134,33,449,1113,0.274,0.332,0.433,0.764,30.1,4.31,4.02,6,16,5,38,1339,699,640,186,483,1157,4.26,1.271
2012,Los Angeles Dodgers,86,76,0.531,162,30.4,3.93,637,1369,269,23,116,607,104,44,481,1156,0.252,0.317,0.374,0.69,29,3.69,3.34,2,10,2,40,1277,597,538,122,539,1276,3.64,1.253
2012,Miami Marlins,69,93,0.426,162,28.3,3.76,609,1327,261,39,137,576,149,41,484,1228,0.244,0.308,0.382,0.69,28.8,4.47,4.09,5,7,3,38,1448,724,655,133,495,1113,3.89,1.349
2012,Milwaukee Brewers,83,79,0.512,162,29.1,4.79,776,1442,300,39,202,741,158,39,466,1240,0.259,0.325,0.437,0.762,29,4.52,4.22,0,9,0,44,1458,733,682,169,525,1402,3.82,1.364
2012,Minnesota Twins,66,96,0.407,162,28.8,4.33,701,1448,270,30,131,666,135,37,505,1069,0.26,0.325,0.39,0.715,27.8,5.14,4.77,3,6,1,35,1536,832,762,198,465,943,4.66,1.391
2012,New York Mets,74,88,0.457,162,27.9,4.01,650,1357,286,21,139,625,79,38,503,1250,0.249,0.316,0.386,0.701,30.3,4.38,4.09,7,13,5,36,1368,709,651,161,488,1240,3.93,1.294
2012,New York Yankees,95,67,0.586,162,32.9,4.96,804,1462,280,13,245,774,93,27,565,1176,0.265,0.337,0.453,0.79,30.3,4.12,3.84,6,9,2,51,1401,668,617,190,431,1318,3.98,1.268
2012,Oakland Athletics,94,68,0.58,162,27.7,4.4,713,1315,267,32,195,676,122,32,550,1387,0.238,0.31,0.404,0.714,27.9,3.79,3.48,1,13,0,47,1360,614,569,147,462,1136,3.89,1.239
2012,Philadelphia Phillies,81,81,0.5,162,31.1,4.22,684,1414,271,28,158,659,116,23,454,1094,0.255,0.317,0.4,0.716,29.1,4.2,3.83,5,11,4,42,1387,680,618,178,409,1385,3.72,1.237
2012,Pittsburgh Pirates,79,83,0.488,162,27.7,4.02,651,1313,241,37,170,620,73,52,444,1354,0.243,0.304,0.395,0.699,30.2,4.16,3.86,2,10,1,45,1357,674,615,153,490,1192,3.93,1.289
2012,San Diego Padres,76,86,0.469,162,27.4,4.02,651,1339,272,43,121,610,155,46,539,1238,0.247,0.319,0.38,0.699,28,4.38,4.01,4,11,3,43,1356,710,640,162,539,1205,4.11,1.321
2012,Seattle Mariners,75,87,0.463,162,27.1,3.82,619,1285,241,27,149,584,104,35,466,1259,0.234,0.296,0.369,0.665,27.9,4.02,3.76,8,11,6,43,1359,651,608,166,449,1166,4,1.241
2012,San Francisco Giants,94,68,0.58,162,27.8,4.43,718,1495,287,57,103,675,118,39,483,1097,0.269,0.327,0.397,0.724,30,4.01,3.68,5,14,4,53,1361,649,593,142,489,1237,3.78,1.275
2012,St. Louis Cardinals,88,74,0.543,162,29.2,4.72,765,1526,290,37,159,732,91,37,533,1192,0.271,0.338,0.421,0.759,28.6,4,3.71,4,10,2,42,1420,648,603,134,436,1218,3.62,1.269
2012,Tampa Bay Rays,90,72,0.556,162,29.7,4.3,697,1293,250,30,175,665,134,44,571,1323,0.24,0.317,0.394,0.711,28.1,3.56,3.19,7,15,4,50,1233,577,518,139,469,1383,3.51,1.166
2012,Texas Rangers,93,69,0.574,162,29.7,4.99,808,1526,303,32,200,780,91,44,478,1103,0.273,0.334,0.446,0.78,28.8,4.36,3.99,7,10,2,43,1378,707,639,175,446,1286,3.9,1.265
2012,Toronto Blue Jays,73,89,0.451,162,27.8,4.42,716,1346,247,22,198,677,123,41,473,1251,0.245,0.309,0.407,0.716,27.8,4.84,4.64,5,11,4,29,1439,784,745,204,574,1142,4.66,1.394
2012,Washington Nationals,98,64,0.605,162,27.2,4.51,731,1468,301,25,194,688,105,35,479,1325,0.261,0.322,0.428,0.75,27,3.67,3.33,3,9,1,51,1296,594,543,129,497,1325,3.54,1.221
2013,Arizona Diamondbacks,81,81,0.5,162,28.1,4.23,685,1468,302,31,130,647,62,41,519,1142,0.259,0.323,0.391,0.715,27.6,4.29,3.92,6,7,2,38,1460,695,651,176,485,1218,4.04,1.301
2013,Atlanta Braves,96,66,0.593,162,26.8,4.25,688,1354,247,21,181,656,64,31,542,1384,0.249,0.321,0.402,0.723,27.2,3.38,3.18,1,12,0,53,1326,548,512,127,409,1232,3.44,1.196
2013,Baltimore Orioles,85,77,0.525,162,27.8,4.6,745,1460,298,14,212,719,79,29,416,1125,0.26,0.313,0.431,0.744,27.9,4.38,4.2,2,6,1,57,1438,709,678,202,473,1169,4.33,1.315
2013,Boston Red Sox,97,65,0.599,162,29.6,5.27,853,1566,363,29,178,819,123,19,581,1308,0.277,0.349,0.446,0.795,30.2,4.05,3.79,5,8,2,33,1366,656,613,156,524,1294,3.84,1.3
2013,Chicago Cubs,66,96,0.407,162,27.9,3.72,602,1307,297,18,172,576,63,32,439,1230,0.238,0.3,0.392,0.693,28.7,4.25,4,3,6,1,39,1332,689,643,160,540,1184,4.1,1.293
2013,Chicago White Sox,63,99,0.389,162,29.2,3.69,598,1385,237,19,148,574,105,42,411,1207,0.249,0.302,0.378,0.68,27.1,4.46,3.98,5,5,1,40,1424,723,643,182,509,1249,4.13,1.329
2013,Cincinnati Reds,90,72,0.556,162,28.5,4.31,698,1370,274,20,155,664,67,35,585,1245,0.249,0.327,0.391,0.718,27.7,3.64,3.38,5,17,2,43,1294,589,554,170,435,1296,3.81,1.173
2013,Cleveland Indians,92,70,0.568,162,28.6,4.6,745,1391,290,23,171,711,117,36,562,1283,0.255,0.327,0.41,0.737,27.5,4.09,3.82,3,16,3,38,1359,662,611,147,554,1379,3.73,1.327
2013,Colorado Rockies,74,88,0.457,162,27.7,4.36,706,1511,283,36,159,673,112,32,427,1204,0.27,0.323,0.418,0.741,28.3,4.69,4.44,1,5,0,35,1545,760,708,136,517,1064,3.96,1.436
2013,Detroit Tigers,93,69,0.574,162,30,4.91,796,1625,292,23,176,767,35,20,531,1073,0.283,0.346,0.434,0.78,28.4,3.85,3.61,3,12,1,39,1369,624,587,128,462,1428,3.27,1.252
2013,Houston Astros,51,111,0.315,162,25.8,3.77,610,1307,266,16,148,566,110,61,426,1535,0.24,0.299,0.375,0.674,27.2,5.23,4.79,2,5,1,32,1530,848,766,191,616,1084,4.67,1.49
2013,Kansas City Royals,86,76,0.531,162,26.9,4,648,1443,254,34,112,620,153,32,422,1048,0.26,0.315,0.379,0.694,28.9,3.71,3.45,5,12,2,52,1366,601,555,155,469,1208,3.83,1.267
2013,Los Angeles Angels of Anaheim,78,84,0.481,162,27.8,4.52,733,1476,270,39,164,696,82,34,523,1221,0.264,0.329,0.414,0.743,29.1,4.55,4.23,4,12,2,41,1475,737,685,167,533,1200,4.08,1.378
2013,Los Angeles Dodgers,92,70,0.568,162,30.6,4.01,649,1447,281,17,138,618,78,28,476,1146,0.264,0.326,0.396,0.722,28.1,3.59,3.25,7,22,4,46,1321,582,524,127,460,1292,3.44,1.228
2013,Miami Marlins,62,100,0.383,162,27.7,3.17,513,1257,219,31,95,485,78,29,432,1232,0.231,0.293,0.335,0.627,26,3.99,3.71,2,13,1,36,1376,646,602,121,526,1177,3.69,1.303
2013,Milwaukee Brewers,74,88,0.457,162,27.9,3.95,640,1381,238,43,157,610,142,50,407,1183,0.252,0.311,0.398,0.708,28.8,4.24,3.84,4,15,2,40,1401,687,615,175,466,1125,4.12,1.294
2013,Minnesota Twins,66,96,0.407,162,28.2,3.79,614,1346,285,15,151,590,52,33,533,1430,0.242,0.312,0.38,0.692,28.3,4.86,4.55,1,7,1,40,1591,788,733,168,458,985,4.23,1.413
2013,New York Mets,74,88,0.457,162,28.3,3.82,619,1318,263,32,130,593,114,35,512,1384,0.237,0.306,0.366,0.672,29.1,4.22,3.77,4,10,2,40,1442,684,618,152,458,1209,3.79,1.287
2013,New York Yankees,85,77,0.525,162,31.9,4.01,650,1321,247,24,144,614,115,31,466,1214,0.242,0.307,0.376,0.683,31.8,4.14,3.94,7,10,3,49,1452,671,633,171,437,1233,3.89,1.305
2013,Oakland Athletics,96,66,0.593,162,28.3,4.73,767,1403,301,25,186,725,74,28,573,1178,0.254,0.327,0.419,0.745,28.3,3.86,3.56,6,13,4,46,1339,625,574,163,428,1183,3.83,1.217
2013,Philadelphia Phillies,73,89,0.451,162,30,3.77,610,1355,255,32,140,578,73,29,417,1205,0.248,0.306,0.384,0.69,28.7,4.62,4.32,6,3,2,32,1465,749,689,152,506,1199,3.94,1.372
2013,Pittsburgh Pirates,94,68,0.58,162,27.9,3.91,634,1346,273,35,161,603,94,42,469,1330,0.245,0.313,0.396,0.709,28.7,3.56,3.26,3,16,0,55,1299,577,533,101,515,1261,3.42,1.233
2013,San Diego Padres,76,86,0.469,162,28.1,3.81,618,1349,246,26,146,578,118,34,467,1309,0.245,0.308,0.378,0.686,28.8,4.32,3.98,3,6,1,40,1407,700,643,156,525,1171,4,1.328
2013,Seattle Mariners,71,91,0.438,162,28.7,3.85,624,1318,249,17,188,597,49,23,529,1353,0.237,0.306,0.39,0.695,28,4.65,4.31,4,14,2,43,1467,754,702,174,478,1297,3.89,1.328
2013,San Francisco Giants,76,86,0.469,162,28.7,3.88,629,1446,280,35,107,596,67,26,469,1078,0.26,0.32,0.381,0.702,29.6,4.27,4,2,13,2,41,1380,691,643,145,521,1256,3.8,1.313
2013,St. Louis Cardinals,97,65,0.599,162,28.7,4.83,783,1494,322,20,125,745,45,22,481,1110,0.269,0.332,0.401,0.733,26.9,3.68,3.42,7,15,4,44,1366,596,555,112,451,1254,3.39,1.245
2013,Tampa Bay Rays,92,71,0.564,163,29.5,4.29,700,1421,296,23,165,670,73,38,589,1171,0.257,0.329,0.408,0.737,29,3.96,3.74,9,17,3,42,1315,646,608,153,482,1310,3.71,1.227
2013,Texas Rangers,91,72,0.558,163,29.6,4.48,730,1465,262,23,176,691,149,46,462,1067,0.262,0.323,0.412,0.735,27.9,3.9,3.62,4,10,2,46,1370,636,589,157,498,1309,3.77,1.277
2013,Toronto Blue Jays,74,88,0.457,162,28.9,4.4,712,1398,273,24,185,669,112,41,510,1123,0.252,0.318,0.411,0.729,30.9,4.67,4.25,4,11,2,39,1451,756,685,195,500,1208,4.3,1.344
2013,Washington Nationals,86,76,0.531,162,27.7,4.05,656,1365,259,27,161,621,88,28,464,1192,0.251,0.313,0.398,0.71,27.7,3.86,3.59,6,13,4,47,1367,626,576,142,405,1236,3.56,1.226
2014,Arizona Diamondbacks,64,98,0.395,162,27.6,3.8,615,1379,259,47,118,573,86,33,398,1165,0.248,0.302,0.376,0.678,28,4.58,4.26,2,4,1,35,1467,742,683,154,469,1278,3.83,1.34
2014,Atlanta Braves,79,83,0.488,162,26.8,3.54,573,1316,240,22,123,545,95,33,472,1369,0.241,0.305,0.36,0.665,27.3,3.69,3.38,5,13,2,54,1369,597,547,121,472,1301,3.47,1.265
2014,Baltimore Orioles,96,66,0.593,162,28.3,4.35,705,1434,264,16,211,681,44,20,401,1285,0.256,0.311,0.422,0.734,27.7,3.66,3.43,3,13,2,53,1342,593,557,151,472,1174,3.96,1.241
2014,Boston Red Sox,71,91,0.438,162,29.1,3.91,634,1355,282,20,123,601,63,25,535,1337,0.244,0.316,0.369,0.684,29.9,4.41,4.01,3,7,2,36,1458,715,653,154,482,1213,3.93,1.324
2014,Chicago Cubs,73,89,0.451,162,26.8,3.79,614,1315,270,31,157,590,65,40,442,1477,0.239,0.3,0.385,0.684,28,4.36,3.91,1,11,1,37,1398,707,636,115,504,1311,3.51,1.3
2014,Chicago White Sox,73,89,0.451,162,27.7,4.07,660,1400,279,32,155,625,85,36,417,1362,0.253,0.31,0.398,0.708,27.4,4.68,4.29,3,6,0,36,1468,758,687,140,557,1152,4.09,1.405
2014,Cincinnati Reds,76,86,0.469,162,29,3.67,595,1282,254,20,131,562,122,52,415,1252,0.238,0.296,0.365,0.661,28,3.78,3.59,5,13,3,44,1282,612,576,163,507,1290,4.01,1.237
2014,Cleveland Indians,85,77,0.525,162,28.6,4.13,669,1411,284,23,142,644,104,27,504,1189,0.253,0.317,0.389,0.706,27.2,4.03,3.56,6,15,4,40,1398,653,581,135,464,1450,3.42,1.268
2014,Colorado Rockies,66,96,0.407,162,27.3,4.66,755,1551,307,41,186,721,85,48,397,1281,0.276,0.327,0.445,0.772,28.5,5.05,4.84,1,4,1,24,1528,818,770,173,531,1074,4.43,1.439
2014,Detroit Tigers,90,72,0.556,162,29.8,4.67,757,1557,325,26,155,731,106,41,443,1144,0.277,0.331,0.426,0.757,28.5,4.35,4.01,5,8,4,41,1475,705,648,127,462,1244,3.6,1.332
2014,Houston Astros,70,92,0.432,162,25.4,3.88,629,1317,240,19,163,596,122,37,495,1442,0.242,0.309,0.383,0.692,27.9,4.46,4.11,7,3,2,31,1437,723,657,139,484,1137,3.93,1.335
2014,Kansas City Royals,89,73,0.549,162,28.2,4.02,651,1456,286,29,95,604,153,36,380,985,0.263,0.314,0.376,0.69,28.9,3.85,3.51,3,14,2,53,1386,624,565,128,440,1168,3.69,1.259
2014,Los Angeles Angels of Anaheim,98,64,0.605,162,29.3,4.77,773,1464,304,31,155,729,81,39,492,1266,0.259,0.322,0.406,0.728,28.4,3.89,3.58,3,13,2,46,1307,630,590,126,504,1342,3.57,1.221
2014,Los Angeles Dodgers,94,68,0.58,162,29.4,4.43,718,1476,302,38,134,686,138,50,519,1246,0.265,0.333,0.406,0.738,29.9,3.81,3.4,7,16,3,47,1338,617,554,142,429,1373,3.48,1.206
2014,Miami Marlins,77,85,0.475,162,27.4,3.98,645,1399,254,36,122,614,58,21,501,1419,0.253,0.317,0.378,0.694,26.4,4.16,3.78,3,16,3,42,1481,674,613,114,458,1190,3.56,1.33
2014,Milwaukee Brewers,82,80,0.506,162,28.8,4.01,650,1366,297,28,150,617,102,43,423,1197,0.25,0.311,0.397,0.708,29,4.06,3.67,3,9,3,45,1386,657,594,167,431,1246,3.89,1.247
2014,Minnesota Twins,70,92,0.432,162,27.5,4.41,715,1412,316,27,128,675,99,36,544,1329,0.254,0.324,0.389,0.713,29.2,4.8,4.57,2,7,0,38,1588,777,728,147,408,1031,3.97,1.391
2014,New York Mets,79,83,0.488,162,28.4,3.88,629,1306,275,19,125,602,101,34,516,1264,0.239,0.308,0.364,0.673,28.9,3.81,3.49,1,11,1,42,1370,618,568,141,509,1303,3.75,1.284
2014,New York Yankees,84,78,0.519,162,32.8,3.91,633,1349,247,26,147,591,112,26,452,1133,0.245,0.307,0.38,0.687,29.3,4.1,3.75,5,10,2,48,1392,664,605,164,398,1370,3.67,1.232
2014,Oakland Athletics,88,74,0.543,162,29.6,4.5,729,1354,253,33,146,686,83,20,586,1104,0.244,0.32,0.381,0.7,28.2,3.53,3.22,7,13,3,31,1269,572,524,147,406,1244,3.67,1.145
2014,Philadelphia Phillies,73,89,0.451,162,30.7,3.82,619,1356,251,27,125,584,109,26,443,1306,0.242,0.302,0.363,0.665,30.1,4.24,3.79,2,12,0,40,1396,687,619,134,521,1255,3.81,1.306
2014,Pittsburgh Pirates,88,74,0.543,162,27.3,4.21,682,1436,275,30,156,659,104,47,520,1244,0.259,0.33,0.404,0.734,28.1,3.9,3.47,2,7,1,48,1341,631,562,128,499,1228,3.8,1.263
2014,San Diego Padres,77,85,0.475,162,27.9,3.3,535,1199,224,30,109,500,91,34,468,1294,0.226,0.292,0.342,0.634,28.8,3.56,3.27,4,10,3,41,1300,577,523,117,462,1284,3.46,1.225
2014,Seattle Mariners,87,75,0.537,162,27.5,3.91,634,1328,247,32,136,600,96,42,396,1232,0.244,0.3,0.376,0.676,29,3.42,3.17,2,9,1,51,1240,554,512,137,463,1317,3.61,1.173
2014,San Francisco Giants,88,74,0.543,162,28.6,4.1,665,1407,257,42,132,636,56,27,427,1245,0.255,0.311,0.388,0.699,31.7,3.79,3.5,8,12,3,46,1305,614,564,133,389,1211,3.58,1.169
2014,St. Louis Cardinals,90,72,0.556,162,28.5,3.82,619,1371,275,21,105,585,57,32,471,1133,0.253,0.32,0.369,0.689,27.2,3.72,3.5,8,23,5,55,1321,603,564,123,470,1221,3.65,1.236
2014,Tampa Bay Rays,77,85,0.475,162,29.3,3.78,612,1361,263,24,117,586,63,27,527,1124,0.247,0.317,0.367,0.684,28.4,3.86,3.56,3,22,1,37,1292,625,579,145,482,1437,3.56,1.212
2014,Texas Rangers,67,95,0.414,162,28.4,3.93,637,1400,260,28,111,597,105,59,417,1162,0.256,0.314,0.375,0.689,27.9,4.77,4.49,6,17,4,33,1510,773,711,160,505,1110,4.22,1.413
2014,Toronto Blue Jays,83,79,0.512,162,29.2,4.46,723,1435,282,24,177,690,78,21,502,1151,0.259,0.323,0.414,0.736,29.6,4.23,4,3,16,2,45,1400,686,642,151,490,1199,3.97,1.31
2014,Washington Nationals,96,66,0.593,162,28.7,4.23,686,1403,265,27,152,635,101,23,517,1304,0.253,0.321,0.393,0.714,28.3,3.43,3.03,5,19,4,45,1351,555,495,110,352,1288,3.17,1.158
2015,Arizona Diamondbacks,79,83,0.488,162,26.5,4.44,720,1494,289,48,154,680,132,44,490,1312,0.264,0.324,0.414,0.738,27.1,4.4,4.04,1,12,1,44,1450,713,659,182,500,1215,4.21,1.33
2015,Atlanta Braves,67,95,0.414,162,28.8,3.54,573,1361,251,18,100,548,69,33,471,1107,0.251,0.314,0.359,0.674,26.6,4.69,4.41,3,10,2,44,1462,760,698,170,550,1148,4.34,1.412
2015,Baltimore Orioles,81,81,0.5,162,27.9,4.4,713,1370,246,20,217,686,44,25,418,1331,0.25,0.307,0.421,0.728,28.3,4.28,4.05,0,10,0,43,1406,693,646,174,483,1233,4.11,1.317
2015,Boston Red Sox,78,84,0.481,162,28.2,4.62,748,1495,294,33,161,706,71,27,478,1148,0.265,0.325,0.415,0.74,28.6,4.65,4.31,3,10,1,40,1486,753,694,178,478,1218,4.17,1.356
2015,Chicago Cubs,97,65,0.599,162,26.9,4.25,689,1341,272,30,171,657,95,37,567,1518,0.244,0.321,0.398,0.719,29.3,3.75,3.36,6,21,4,48,1276,608,546,134,407,1431,3.3,1.152
2015,Chicago White Sox,76,86,0.469,162,28.2,3.84,622,1381,260,27,136,595,68,42,404,1231,0.25,0.306,0.38,0.686,27.8,4.33,3.98,7,9,4,37,1443,701,643,162,474,1359,3.82,1.32
2015,Cincinnati Reds,64,98,0.395,162,29.5,3.95,640,1382,257,27,167,613,134,38,496,1255,0.248,0.312,0.394,0.706,27.3,4.65,4.33,2,8,1,35,1436,754,700,177,544,1252,4.24,1.362
2015,Cleveland Indians,81,80,0.503,161,28,4.16,669,1395,303,29,141,640,86,28,533,1157,0.256,0.325,0.401,0.725,27.3,3.98,3.67,11,10,1,38,1274,640,584,161,425,1407,3.62,1.186
2015,Colorado Rockies,68,94,0.42,162,28,4.55,737,1479,274,49,186,702,97,43,388,1283,0.265,0.315,0.432,0.748,28.7,5.21,5.04,4,4,1,36,1579,844,799,183,579,1112,4.56,1.513
2015,Detroit Tigers,74,87,0.46,161,28.3,4.28,689,1515,289,49,151,660,83,51,455,1259,0.27,0.328,0.42,0.748,28.7,4.99,4.64,7,12,4,35,1491,803,746,193,489,1100,4.46,1.368
2015,Houston Astros,86,76,0.531,162,26.3,4.5,729,1363,278,26,230,691,121,48,486,1392,0.25,0.315,0.437,0.752,29.4,3.81,3.57,5,13,3,39,1308,618,572,148,423,1280,3.66,1.201
2015,Kansas City Royals,95,67,0.586,162,29.1,4.47,724,1497,300,42,139,689,104,34,383,973,0.269,0.322,0.412,0.734,30,3.96,3.73,2,8,1,56,1372,641,601,155,489,1160,4.04,1.282
2015,Los Angeles Angels of Anaheim,85,77,0.525,162,28.7,4.08,661,1331,243,21,176,621,52,34,435,1150,0.246,0.307,0.396,0.702,28.3,4.17,3.94,2,12,2,46,1355,675,630,166,466,1221,4.06,1.264
2015,Los Angeles Dodgers,92,70,0.568,162,29.6,4.12,667,1346,263,26,187,638,59,34,563,1258,0.25,0.326,0.413,0.739,28.1,3.67,3.44,6,21,3,47,1317,595,553,145,395,1396,3.41,1.184
2015,Miami Marlins,71,91,0.438,162,27.9,3.78,613,1420,236,40,120,575,112,45,375,1150,0.26,0.31,0.384,0.694,27.3,4.19,4.02,0,12,0,35,1374,678,638,141,508,1152,3.98,1.319
2015,Milwaukee Brewers,68,94,0.42,162,28.1,4.04,655,1378,274,34,145,624,84,29,412,1299,0.251,0.307,0.393,0.7,28.4,4.55,4.28,1,7,0,40,1432,737,682,176,517,1260,4.17,1.358
2015,Minnesota Twins,83,79,0.512,162,28.2,4.3,696,1349,277,44,156,661,70,38,439,1264,0.247,0.305,0.399,0.704,29.1,4.32,4.07,2,12,0,45,1506,700,653,163,413,1046,4.1,1.33
2015,New York Mets,90,72,0.556,162,28.6,4.22,683,1351,295,17,177,654,51,25,488,1290,0.244,0.312,0.4,0.712,28.2,3.78,3.43,1,14,1,50,1341,613,557,152,383,1337,3.53,1.179
2015,New York Yankees,87,75,0.537,162,31.4,4.72,764,1397,272,19,212,737,63,25,554,1227,0.251,0.323,0.421,0.744,27.4,4.31,4.03,3,4,0,48,1416,698,652,182,474,1370,3.97,1.297
2015,Oakland Athletics,68,94,0.42,162,27.9,4.28,694,1405,277,46,146,661,78,29,475,1119,0.251,0.312,0.395,0.707,27.8,4.5,4.14,5,15,3,28,1402,729,664,172,474,1179,4.13,1.299
2015,Philadelphia Phillies,63,99,0.389,162,28,3.86,626,1374,272,37,130,586,88,32,387,1274,0.249,0.303,0.382,0.684,28.5,4.99,4.69,1,7,1,35,1592,809,749,191,488,1153,4.4,1.448
2015,Pittsburgh Pirates,98,64,0.605,162,28.2,4.3,697,1462,292,27,140,661,98,45,461,1322,0.26,0.323,0.396,0.719,29.6,3.68,3.21,0,13,0,54,1392,596,532,110,453,1338,3.36,1.239
2015,San Diego Padres,74,88,0.457,162,27.7,4.01,650,1324,260,36,148,623,82,29,426,1327,0.243,0.3,0.385,0.685,29.1,4.51,4.09,1,6,0,41,1371,731,655,171,516,1393,3.93,1.31
2015,Seattle Mariners,76,86,0.469,162,28.6,4.05,656,1379,262,22,198,624,69,45,478,1336,0.249,0.311,0.411,0.722,28.6,4.48,4.16,6,12,5,45,1430,726,677,181,491,1283,4.14,1.313
2015,San Francisco Giants,84,78,0.519,162,28.9,4.3,696,1486,288,39,136,663,93,36,457,1159,0.267,0.326,0.406,0.732,31.5,3.87,3.72,7,18,4,41,1344,627,597,155,431,1165,3.91,1.229
2015,St. Louis Cardinals,100,62,0.617,162,28.4,3.99,647,1386,288,39,137,619,69,38,506,1267,0.253,0.321,0.394,0.716,28.2,3.24,2.94,1,15,0,62,1359,525,478,123,477,1329,3.47,1.254
2015,Tampa Bay Rays,80,82,0.494,162,28.5,3.98,644,1383,278,32,167,612,87,45,436,1310,0.252,0.314,0.406,0.72,26.7,3.96,3.74,1,12,1,60,1314,642,604,175,477,1355,3.91,1.232
2015,Texas Rangers,88,74,0.543,162,28.7,4.64,751,1419,279,32,172,707,101,39,503,1233,0.257,0.325,0.413,0.739,28.1,4.52,4.24,5,9,3,45,1459,733,680,171,508,1095,4.34,1.363
2015,Toronto Blue Jays,93,69,0.574,162,29.5,5.5,891,1480,308,17,232,852,88,23,570,1151,0.269,0.34,0.457,0.797,29.2,4.14,3.8,7,10,2,34,1353,670,609,173,397,1117,4.09,1.214
2015,Washington Nationals,83,79,0.512,162,28.4,4.34,703,1363,265,13,177,665,57,23,539,1344,0.251,0.321,0.403,0.724,28.6,3.92,3.62,4,13,3,41,1366,635,577,145,364,1342,3.45,1.206
2016,Arizona Diamondbacks,69,93,0.426,162,26.7,4.64,752,1479,285,56,190,709,137,31,463,1427,0.261,0.32,0.432,0.752,26.4,5.49,5.09,2,7,2,31,1563,890,821,202,603,1318,4.5,1.492
2016,Atlanta Braves,68,93,0.422,161,28.9,4.03,649,1404,295,27,122,615,75,34,502,1240,0.255,0.321,0.384,0.705,26.4,4.84,4.51,1,9,1,39,1414,779,725,177,547,1227,4.32,1.355
2016,Baltimore Orioles,89,73,0.549,162,28.5,4.59,744,1413,265,6,253,710,19,13,468,1324,0.256,0.317,0.443,0.76,27.9,4.41,4.22,1,9,0,54,1408,715,671,183,545,1248,4.31,1.364
2016,Boston Red Sox,93,69,0.574,162,28.5,5.42,878,1598,343,25,208,836,83,24,558,1160,0.282,0.348,0.461,0.81,29,4.28,4,9,5,1,43,1342,694,640,176,490,1362,4,1.273
2016,Chicago Cubs,103,58,0.64,162,27.4,4.99,808,1409,293,30,199,767,66,34,656,1339,0.256,0.343,0.429,0.772,29.9,3.43,3.15,5,15,2,38,1125,556,511,163,495,1441,3.77,1.11
2016,Chicago White Sox,78,84,0.481,162,28.3,4.23,686,1428,277,33,168,656,77,36,455,1285,0.257,0.317,0.41,0.727,28.6,4.41,4.1,7,10,1,43,1422,715,659,185,521,1270,4.27,1.343
2016,Cincinnati Reds,68,94,0.42,162,27.8,4.42,716,1403,277,33,164,678,139,51,452,1284,0.256,0.316,0.408,0.724,27.1,5.27,4.91,2,8,1,28,1457,854,786,258,636,1241,5.24,1.451
2016,Cleveland Indians,94,67,0.584,161,29,4.83,777,1435,308,29,185,733,134,31,531,1246,0.262,0.329,0.43,0.759,28.1,4.2,3.84,5,11,3,37,1330,676,617,186,461,1398,3.91,1.239
2016,Colorado Rockies,75,87,0.463,162,27.8,5.22,845,1544,318,47,204,805,66,39,494,1330,0.275,0.336,0.457,0.794,27.7,5.31,4.91,2,9,2,37,1532,860,779,181,547,1223,4.38,1.455
2016,Detroit Tigers,86,75,0.534,161,29.9,4.66,750,1476,252,30,211,719,58,29,493,1303,0.267,0.331,0.438,0.769,29,4.48,4.24,3,8,1,47,1417,721,672,182,462,1232,4.16,1.316
2016,Houston Astros,84,78,0.519,162,26.4,4.47,724,1367,291,29,198,689,102,44,554,1452,0.247,0.319,0.417,0.735,28.9,4.33,4.06,2,8,1,44,1441,701,663,181,453,1396,3.85,1.29
2016,Kansas City Royals,81,81,0.5,162,28.5,4.17,675,1450,264,33,147,640,121,35,382,1224,0.261,0.312,0.4,0.712,29.9,4.4,4.21,3,7,0,41,1433,712,674,206,517,1287,4.42,1.354
2016,Los Angeles Angels,74,88,0.457,162,28.5,4.43,717,1410,279,20,156,686,73,34,471,991,0.26,0.322,0.405,0.726,28.4,4.49,4.28,4,12,3,29,1480,727,676,208,498,1136,4.62,1.392
2016,Los Angeles Dodgers,91,71,0.562,162,28.9,4.48,725,1376,272,21,189,680,45,26,525,1321,0.249,0.319,0.409,0.728,28.9,3.94,3.7,3,15,3,47,1266,638,598,165,464,1510,3.61,1.191
2016,Miami Marlins,79,82,0.491,161,28.3,4.07,655,1460,259,42,128,626,71,28,447,1213,0.263,0.322,0.394,0.716,28,4.24,4.05,0,12,0,55,1358,682,646,152,595,1379,3.97,1.361
2016,Milwaukee Brewers,73,89,0.451,162,27.5,4.14,671,1299,249,19,194,641,181,56,599,1543,0.244,0.322,0.407,0.729,28.1,4.52,4.08,0,7,0,46,1450,733,650,178,532,1175,4.37,1.382
2016,Minnesota Twins,59,103,0.364,162,26.9,4.46,722,1409,288,35,200,690,91,32,513,1426,0.251,0.316,0.421,0.738,28.3,5.49,5.08,4,3,1,26,1617,889,814,221,479,1191,4.57,1.453
2016,New York Mets,87,75,0.537,162,29.5,4.14,671,1342,240,19,218,649,42,18,517,1302,0.246,0.316,0.417,0.733,28.4,3.81,3.57,1,13,1,55,1397,617,574,152,439,1396,3.56,1.269
2016,New York Yankees,84,78,0.519,162,30.1,4.2,680,1378,245,20,183,647,72,22,475,1188,0.252,0.315,0.405,0.72,27.9,4.33,4.16,0,10,0,48,1358,702,660,214,444,1393,4.2,1.262
2016,Oakland Athletics,69,93,0.426,162,28.7,4.03,653,1352,270,21,169,634,50,23,442,1145,0.246,0.304,0.395,0.699,27.9,4.7,4.51,2,7,1,42,1459,761,718,185,464,1188,4.24,1.342
2016,Philadelphia Phillies,71,91,0.438,162,26.9,3.77,610,1305,231,35,161,574,96,45,424,1376,0.24,0.301,0.384,0.685,26.3,4.91,4.63,4,12,3,43,1468,796,739,213,466,1299,4.34,1.346
2016,Pittsburgh Pirates,78,83,0.484,162,28.9,4.5,729,1426,277,32,153,696,110,45,561,1334,0.257,0.332,0.402,0.734,28.6,4.68,4.21,5,5,1,51,1490,758,679,180,533,1232,4.3,1.395
2016,San Diego Padres,68,94,0.42,162,28.1,4.23,686,1275,257,26,177,654,125,45,449,1500,0.235,0.299,0.39,0.689,28.1,4.75,4.43,1,9,0,35,1425,770,708,183,569,1222,4.4,1.385
2016,Seattle Mariners,86,76,0.531,162,30.5,4.74,768,1446,251,17,223,735,56,28,506,1288,0.259,0.326,0.43,0.756,28.8,4.36,4,2,8,2,49,1410,707,647,213,460,1318,4.3,1.283
2016,San Francisco Giants,87,75,0.537,162,29.2,4.41,715,1437,280,54,130,675,79,36,572,1107,0.258,0.329,0.398,0.728,30,3.9,3.65,10,11,3,43,1334,631,593,158,439,1309,3.76,1.214
2016,St. Louis Cardinals,86,76,0.531,162,28.5,4.81,779,1415,299,32,225,745,35,26,526,1318,0.255,0.325,0.442,0.767,28,4.4,4.08,2,10,2,38,1432,712,656,159,475,1290,3.88,1.317
2016,Tampa Bay Rays,68,94,0.42,162,27.7,4.15,672,1333,288,32,216,647,60,37,449,1482,0.243,0.307,0.426,0.733,26.9,4.4,4.2,1,8,1,42,1395,713,665,210,491,1357,4.26,1.322
2016,Texas Rangers,95,67,0.586,162,28.4,4.72,765,1446,257,23,215,746,99,36,436,1220,0.262,0.322,0.433,0.755,28.8,4.67,4.37,1,6,0,56,1441,757,700,201,534,1154,4.58,1.369
2016,Toronto Blue Jays,89,73,0.549,162,30,4.69,759,1358,276,18,221,728,54,24,632,1362,0.248,0.33,0.426,0.755,29.8,4.11,3.78,0,10,0,43,1340,666,613,183,461,1314,4.04,1.234
2016,Washington Nationals,95,67,0.586,162,28.8,4.71,763,1403,268,29,203,735,121,39,536,1252,0.256,0.326,0.426,0.751,29.1,3.78,3.51,1,12,0,46,1272,612,570,155,468,1476,3.58,1.192
2017,Arizona Diamondbacks,93,69,0.574,162,28.3,5.01,812,1405,314,39,220,776,103,30,578,1456,0.254,0.329,0.445,0.774,28.7,4.07,3.66,2,11,1,43,1309,659,586,171,516,1482,3.8,1.266
2017,Atlanta Braves,72,90,0.444,162,28.7,4.52,732,1467,289,26,165,706,77,31,474,1184,0.263,0.326,0.412,0.738,29.4,5.07,4.72,0,6,0,36,1463,821,756,192,584,1258,4.51,1.42
2017,Baltimore Orioles,75,87,0.463,162,28.6,4.59,743,1469,269,12,232,713,32,13,392,1412,0.26,0.312,0.435,0.747,28.2,5.19,4.97,1,10,1,35,1505,841,795,242,579,1233,4.96,1.446
2017,Boston Red Sox,93,69,0.574,162,27.3,4.85,785,1461,302,19,168,735,106,31,571,1224,0.258,0.329,0.407,0.736,28.4,4.12,3.7,5,11,1,39,1384,668,610,195,465,1580,3.78,1.247
2017,Chicago Cubs,92,70,0.568,162,27.1,5.07,822,1402,274,29,223,785,62,31,622,1401,0.255,0.338,0.437,0.775,30.8,4.29,3.95,2,8,1,38,1294,695,636,194,554,1439,4.2,1.277
2017,Chicago White Sox,67,95,0.414,162,26.7,4.36,706,1412,256,37,186,670,71,31,401,1397,0.256,0.314,0.417,0.731,28.7,5.06,4.78,0,3,0,25,1384,820,755,242,632,1193,5.17,1.418
2017,Cincinnati Reds,68,94,0.42,162,27.1,4.65,753,1390,249,38,219,715,120,39,565,1329,0.253,0.329,0.433,0.761,27.6,5.36,5.17,2,8,1,33,1442,869,821,248,631,1300,5.08,1.45
2017,Cleveland Indians,102,60,0.63,162,28,5.05,818,1449,333,29,212,780,88,23,604,1153,0.263,0.339,0.449,0.788,28.9,3.48,3.3,7,19,3,37,1267,564,529,163,406,1614,3.33,1.161
2017,Colorado Rockies,87,75,0.537,162,28.3,5.09,824,1510,293,38,192,793,59,34,519,1408,0.273,0.338,0.444,0.781,27,4.67,4.51,1,9,1,47,1453,757,721,190,532,1270,4.32,1.381
2017,Detroit Tigers,64,98,0.395,162,29.6,4.54,735,1435,289,35,187,699,65,34,503,1313,0.258,0.324,0.424,0.748,28.3,5.52,5.36,2,4,1,32,1587,894,846,218,538,1202,4.73,1.496
2017,Houston Astros,101,61,0.623,162,28.8,5.53,896,1581,346,20,238,854,98,42,509,1087,0.282,0.346,0.478,0.823,28.5,4.32,4.12,1,9,0,45,1314,700,662,192,522,1593,3.91,1.27
2017,Kansas City Royals,80,82,0.494,162,28.9,4.33,702,1436,260,24,193,660,91,31,390,1166,0.259,0.311,0.42,0.731,30.3,4.88,4.61,1,6,1,39,1480,791,737,196,519,1216,4.43,1.39
2017,Los Angeles Angels,80,82,0.494,162,30,4.38,710,1314,251,14,186,678,136,44,523,1198,0.243,0.315,0.397,0.712,29.1,4.38,4.2,1,10,1,43,1373,709,672,224,470,1312,4.43,1.279
2017,Los Angeles Dodgers,104,58,0.642,162,27.9,4.75,770,1347,312,20,221,730,77,28,649,1380,0.249,0.334,0.437,0.771,29.7,3.58,3.38,2,16,0,51,1226,580,543,184,442,1549,3.67,1.155
2017,Miami Marlins,77,85,0.475,162,28.4,4.8,778,1497,271,31,194,743,91,30,486,1282,0.267,0.331,0.431,0.761,28.7,5.07,4.82,1,7,1,34,1450,822,772,193,627,1202,4.69,1.44
2017,Milwaukee Brewers,86,76,0.531,162,27.4,4.52,732,1363,267,22,224,695,128,41,547,1571,0.249,0.322,0.429,0.751,28.3,4.3,4,1,12,0,54,1381,697,642,185,553,1346,4.24,1.338
2017,Minnesota Twins,85,77,0.525,162,27,5.03,815,1444,286,31,206,781,95,28,593,1342,0.26,0.334,0.434,0.768,29.6,4.86,4.59,6,11,3,42,1487,788,732,224,483,1166,4.72,1.372
2017,New York Mets,70,92,0.432,162,28.8,4.54,735,1379,286,28,224,713,58,23,529,1291,0.25,0.32,0.434,0.755,27.5,5.33,5.01,2,5,0,34,1538,863,799,220,593,1374,4.59,1.485
2017,New York Yankees,91,71,0.562,162,28.6,5.3,858,1463,266,23,241,821,90,22,616,1386,0.262,0.339,0.447,0.785,27.8,4.07,3.72,2,7,1,36,1248,660,599,192,504,1560,3.88,1.209
2017,Oakland Athletics,75,87,0.463,162,28.7,4.56,739,1344,305,15,234,708,57,22,565,1491,0.246,0.319,0.436,0.755,27.9,5.1,4.67,1,6,1,35,1444,826,743,210,502,1202,4.57,1.36
2017,Philadelphia Phillies,66,96,0.407,162,26.6,4.26,690,1382,287,36,174,654,59,25,494,1417,0.25,0.315,0.409,0.723,26.8,4.83,4.55,1,7,0,33,1471,782,729,221,527,1309,4.56,1.387
2017,Pittsburgh Pirates,75,87,0.463,162,28.2,4.12,668,1331,249,36,151,635,67,36,519,1213,0.244,0.318,0.386,0.704,27.1,4.51,4.22,2,12,1,36,1464,731,676,182,511,1262,4.23,1.371
2017,San Diego Padres,71,91,0.438,162,26.2,3.73,604,1251,227,31,189,576,89,33,460,1499,0.234,0.299,0.393,0.692,27.7,5.04,4.67,2,12,1,45,1417,816,742,226,554,1325,4.67,1.378
2017,Seattle Mariners,78,84,0.481,162,29.5,4.63,750,1436,281,17,200,714,89,35,487,1267,0.259,0.325,0.424,0.749,27.8,4.77,4.46,1,9,0,39,1399,772,713,237,490,1244,4.7,1.312
2017,San Francisco Giants,64,98,0.395,162,29.5,3.94,639,1382,290,28,128,612,76,34,467,1204,0.249,0.309,0.38,0.689,28.9,4.79,4.5,3,5,2,32,1515,776,726,182,496,1234,4.22,1.385
2017,St. Louis Cardinals,83,79,0.512,162,28,4.7,761,1402,284,28,196,728,81,31,593,1348,0.256,0.334,0.426,0.76,28.3,4.35,4.01,3,12,3,43,1393,705,646,183,493,1351,4.09,1.3
2017,Tampa Bay Rays,80,82,0.494,162,28.3,4.28,694,1340,226,32,228,671,88,34,545,1538,0.245,0.317,0.422,0.739,27.6,4.35,3.97,0,9,0,53,1324,704,638,193,503,1352,4.17,1.264
2017,Texas Rangers,78,84,0.481,162,28.3,4.93,799,1326,255,21,237,756,113,44,544,1493,0.244,0.32,0.43,0.75,28.8,5.04,4.66,2,6,1,29,1443,816,742,214,559,1107,4.88,1.396
2017,Toronto Blue Jays,76,86,0.469,162,30.9,4.28,693,1320,269,5,222,661,53,24,542,1327,0.24,0.312,0.412,0.724,28.8,4.84,4.42,2,6,0,45,1460,784,720,203,549,1372,4.31,1.371
2017,Washington Nationals,97,65,0.599,162,29.2,5.06,819,1477,311,31,215,796,108,30,542,1327,0.266,0.332,0.449,0.782,30.1,4.15,3.88,3,5,1,46,1300,672,623,189,495,1457,3.99,1.241
2018,Arizona Diamondbacks,82,80,0.506,162,29.2,4.28,693,1283,259,50,176,658,79,25,560,1460,0.235,0.31,0.397,0.707,29.6,3.98,3.72,2,9,1,39,1313,644,605,174,522,1448,3.91,1.254
2018,Atlanta Braves,90,72,0.556,162,27.3,4.69,759,1433,314,29,175,717,90,36,511,1290,0.257,0.324,0.417,0.742,27.7,4.06,3.75,2,11,1,40,1236,657,607,153,635,1423,3.98,1.284
2018,Baltimore Orioles,47,115,0.29,162,28.4,3.84,622,1317,242,15,188,593,81,22,422,1412,0.239,0.298,0.391,0.689,27.1,5.51,5.18,2,7,0,28,1552,892,824,234,589,1203,4.98,1.496
2018,Boston Red Sox,108,54,0.667,162,27.7,5.41,876,1509,355,31,208,829,125,31,569,1253,0.268,0.339,0.453,0.792,28.9,3.99,3.75,2,14,0,46,1305,647,608,176,512,1558,3.82,1.246
2018,Chicago Cubs,95,68,0.583,163,27.2,4.67,761,1453,286,34,167,722,66,38,576,1388,0.258,0.333,0.41,0.744,30.2,3.96,3.65,1,18,0,46,1319,645,598,157,622,1333,4.13,1.315
2018,Chicago White Sox,62,100,0.383,162,26.5,4.05,656,1332,259,40,182,639,98,41,425,1594,0.241,0.302,0.401,0.703,27.6,5.23,4.83,0,8,0,34,1404,848,771,196,653,1259,4.73,1.431
2018,Cincinnati Reds,67,95,0.414,162,27.2,4.3,696,1404,251,25,172,665,77,33,559,1376,0.254,0.328,0.401,0.729,27.1,5.06,4.63,1,6,0,38,1491,819,741,228,532,1258,4.66,1.404
2018,Cleveland Indians,91,71,0.562,162,29.4,5.05,818,1447,297,19,216,786,135,36,554,1189,0.259,0.332,0.434,0.766,29.4,4,3.77,5,17,2,41,1349,648,611,200,407,1544,3.78,1.205
2018,Colorado Rockies,91,72,0.558,163,28.7,4.79,780,1418,280,42,210,748,95,33,507,1397,0.256,0.322,0.435,0.757,27.9,4.57,4.33,0,10,0,51,1377,745,699,184,525,1409,4.06,1.31
2018,Detroit Tigers,64,98,0.395,162,27.9,3.89,630,1326,284,35,135,597,70,30,428,1341,0.241,0.3,0.38,0.68,28.6,4.91,4.58,0,2,0,37,1423,796,726,216,491,1215,4.58,1.343
2018,Houston Astros,103,59,0.636,162,28.2,4.92,797,1390,278,18,205,763,71,26,565,1197,0.255,0.329,0.425,0.754,30,3.3,3.11,3,12,2,46,1164,534,503,152,435,1687,3.23,1.099
2018,Kansas City Royals,58,104,0.358,162,28.6,3.94,638,1350,283,29,155,606,117,38,427,1310,0.245,0.305,0.392,0.697,27.6,5.14,4.94,2,8,0,33,1542,833,786,205,549,1157,4.66,1.46
2018,Los Angeles Angels,80,82,0.494,162,29.6,4.45,721,1323,249,23,214,690,89,22,514,1300,0.242,0.313,0.413,0.726,27.5,4.46,4.15,1,9,1,35,1353,722,662,205,546,1386,4.36,1.321
2018,Los Angeles Dodgers,92,71,0.564,163,28.1,4.93,804,1394,296,33,235,756,75,24,647,1436,0.25,0.333,0.442,0.774,29.2,3.74,3.38,0,11,0,48,1279,610,554,179,422,1565,3.6,1.152
2018,Miami Marlins,63,98,0.391,161,27.5,3.66,589,1303,222,24,128,554,45,31,455,1384,0.237,0.303,0.357,0.659,27.6,5.02,4.76,1,12,0,30,1388,809,762,192,605,1249,4.56,1.382
2018,Milwaukee Brewers,96,67,0.589,163,28.8,4.63,754,1398,252,24,218,711,124,32,537,1458,0.252,0.323,0.424,0.747,28.8,4.04,3.73,0,14,0,49,1259,659,606,173,553,1428,4.01,1.24
2018,Minnesota Twins,78,84,0.481,162,28.2,4.56,738,1379,317,22,166,704,47,27,534,1328,0.25,0.318,0.405,0.723,28.5,4.78,4.5,2,7,1,37,1425,775,721,198,573,1377,4.39,1.384
2018,New York Mets,77,85,0.475,162,28.3,4.17,676,1282,265,34,170,649,71,39,566,1404,0.234,0.312,0.389,0.701,28,4.36,4.07,3,15,1,41,1364,707,661,185,484,1446,3.97,1.265
2018,New York Yankees,100,62,0.617,162,27.2,5.25,851,1374,269,23,267,821,63,21,625,1421,0.249,0.329,0.451,0.781,28.8,4.13,3.78,2,11,2,49,1311,669,611,177,494,1634,3.63,1.239
2018,Oakland Athletics,97,65,0.599,162,28,5.02,813,1407,322,20,227,778,35,21,550,1381,0.252,0.325,0.439,0.764,29.2,4.16,3.81,2,14,2,44,1303,674,621,184,474,1237,4.18,1.212
2018,Philadelphia Phillies,80,82,0.494,162,26.7,4.18,677,1270,241,30,186,653,69,26,582,1520,0.234,0.314,0.393,0.707,26.8,4.49,4.14,0,12,0,44,1366,728,665,171,500,1465,3.83,1.291
2018,Pittsburgh Pirates,82,79,0.509,161,27.8,4.3,692,1381,290,38,157,665,70,38,474,1229,0.254,0.317,0.407,0.725,26.5,4.3,4,3,16,2,40,1380,693,637,174,497,1336,4.06,1.309
2018,San Diego Padres,66,96,0.407,162,26.8,3.81,617,1289,250,30,162,583,95,36,471,1523,0.235,0.297,0.38,0.677,27.7,4.73,4.4,0,5,0,36,1430,767,713,185,519,1399,4.1,1.338
2018,Seattle Mariners,89,73,0.549,162,29.8,4.18,677,1402,256,32,176,644,79,37,430,1221,0.254,0.314,0.408,0.722,29,4.39,4.13,3,12,1,60,1396,711,664,195,400,1328,4.05,1.24
2018,San Francisco Giants,73,89,0.451,162,29.8,3.72,603,1324,255,30,133,573,77,34,448,1467,0.239,0.3,0.368,0.667,28.6,4.31,3.95,1,15,1,36,1387,699,641,156,524,1269,3.98,1.308
2018,St. Louis Cardinals,88,74,0.543,162,28,4.69,759,1369,248,9,205,725,63,32,525,1380,0.249,0.321,0.409,0.73,26.7,4.27,3.85,1,8,1,43,1354,691,622,144,593,1337,3.97,1.338
2018,Tampa Bay Rays,90,72,0.556,162,27.1,4.42,716,1415,274,43,150,664,128,51,540,1388,0.258,0.333,0.406,0.74,27.1,3.99,3.74,0,14,0,52,1236,646,602,164,501,1421,3.82,1.199
2018,Texas Rangers,67,95,0.414,162,27.4,4.55,737,1308,266,24,194,696,74,35,555,1484,0.24,0.318,0.404,0.722,30.4,5.23,4.92,1,5,0,42,1516,848,783,222,491,1121,4.79,1.403
2018,Toronto Blue Jays,73,89,0.451,162,28.9,4.38,709,1336,320,16,217,680,47,30,499,1387,0.244,0.312,0.427,0.739,29.3,5.14,4.85,0,3,0,39,1476,832,772,208,551,1298,4.53,1.414
2018,Washington Nationals,82,80,0.506,162,27.6,4.76,771,1402,284,25,191,737,119,33,631,1289,0.254,0.335,0.419,0.753,30.2,4.21,4.04,2,7,1,40,1320,682,649,198,487,1417,4.15,1.25
2019,Arizona Diamondbacks,85,77,0.525,162,28.7,5.02,813,1419,288,40,220,778,88,14,540,1360,0.252,0.323,0.434,0.757,28.6,4.59,4.25,0,11,0,45,1400,743,691,220,516,1427,4.4,1.308
2019,Atlanta Braves,97,65,0.599,162,28,5.28,855,1432,277,29,249,824,89,28,619,1467,0.258,0.336,0.452,0.789,27.5,4.59,4.19,1,8,0,44,1421,743,675,203,548,1393,4.39,1.357
2019,Baltimore Orioles,54,108,0.333,162,26.5,4.5,729,1379,252,25,213,698,84,30,462,1435,0.246,0.31,0.415,0.725,27.3,6.06,5.59,0,5,0,27,1544,981,897,305,561,1248,5.56,1.459
2019,Boston Red Sox,84,78,0.519,162,27.3,5.56,901,1554,345,27,245,857,68,30,590,1382,0.269,0.34,0.466,0.806,29,5.11,4.7,1,8,1,33,1423,828,768,215,605,1633,4.28,1.379
2019,Chicago Cubs,84,78,0.519,162,27.7,5.02,814,1378,270,26,256,783,45,24,581,1460,0.252,0.331,0.452,0.783,31.1,4.43,4.1,1,10,1,38,1376,717,657,195,534,1444,4.25,1.325
2019,Chicago White Sox,72,89,0.447,161,27.6,4.4,708,1443,260,20,182,676,63,28,378,1549,0.261,0.314,0.414,0.728,27.6,5.17,4.9,6,7,2,33,1438,832,769,238,582,1312,4.89,1.43
2019,Cincinnati Reds,75,87,0.463,162,27.8,4.33,701,1328,235,27,227,679,80,38,492,1436,0.244,0.315,0.422,0.736,28.2,4.39,4.18,0,10,0,46,1270,711,668,214,536,1552,4.23,1.256
2019,Cleveland Indians,93,69,0.574,162,27.7,4.75,769,1354,286,18,223,731,103,35,563,1332,0.25,0.323,0.432,0.756,28.3,4.06,3.76,6,16,5,42,1308,657,601,207,450,1508,4.06,1.223
2019,Colorado Rockies,71,91,0.438,162,28.2,5.15,835,1502,323,41,224,803,71,31,489,1503,0.265,0.326,0.456,0.782,27.3,5.91,5.56,1,5,1,28,1576,958,895,270,589,1264,5.23,1.494
2019,Detroit Tigers,47,114,0.292,161,27.6,3.61,582,1333,292,41,149,556,57,20,391,1595,0.24,0.294,0.388,0.682,27.8,5.68,5.24,0,3,0,31,1555,915,835,250,536,1368,4.84,1.459
2019,Houston Astros,107,55,0.66,162,29,5.68,920,1538,323,28,288,891,67,27,645,1166,0.274,0.352,0.495,0.848,29.9,3.95,3.66,2,14,1,47,1205,640,595,230,448,1671,3.98,1.13
2019,Kansas City Royals,59,103,0.364,162,27.6,4.27,691,1356,281,40,162,655,117,39,456,1405,0.247,0.309,0.401,0.71,27.9,5.36,5.2,1,7,1,37,1525,869,824,221,582,1230,4.9,1.479
2019,Los Angeles Angels,72,90,0.444,162,28.8,4.75,769,1368,268,21,220,734,65,20,586,1276,0.247,0.324,0.422,0.746,27,5.36,5.12,0,2,0,32,1417,868,820,267,576,1404,5.04,1.381
2019,Los Angeles Dodgers,106,56,0.654,162,27.9,5.47,886,1414,302,20,279,861,57,10,607,1356,0.257,0.338,0.472,0.81,28.9,3.78,3.37,3,18,1,44,1201,613,541,185,392,1519,3.73,1.102
2019,Miami Marlins,57,105,0.352,162,28.4,3.8,615,1326,265,18,146,593,55,30,395,1469,0.241,0.298,0.375,0.673,26.5,4.99,4.74,2,8,2,27,1340,808,760,236,615,1378,4.89,1.354
2019,Milwaukee Brewers,89,73,0.549,162,28.9,4.75,769,1366,279,17,250,744,101,25,629,1563,0.246,0.329,0.438,0.767,28.7,4.73,4.4,0,7,0,50,1364,766,713,225,570,1497,4.46,1.325
2019,Minnesota Twins,101,61,0.623,162,27.8,5.8,939,1547,318,23,307,906,28,21,525,1334,0.27,0.338,0.494,0.832,28.2,4.65,4.18,1,10,0,50,1456,754,680,198,452,1463,4.02,1.304
2019,New York Mets,86,76,0.531,162,27.9,4.88,791,1445,280,17,242,767,56,27,516,1384,0.257,0.328,0.442,0.77,28.6,4.55,4.24,3,12,3,38,1405,737,688,204,500,1520,4.1,1.304
2019,New York Yankees,103,59,0.636,162,28.3,5.82,943,1493,290,17,306,904,55,22,569,1437,0.267,0.339,0.49,0.829,30.2,4.56,4.31,1,9,1,50,1374,739,691,248,507,1534,4.47,1.304
2019,Oakland Athletics,97,65,0.599,162,27.8,5.22,845,1384,292,23,257,800,49,21,578,1338,0.249,0.327,0.448,0.776,30.8,4.2,3.97,1,12,1,45,1342,680,646,201,477,1299,4.34,1.242
2019,Philadelphia Phillies,81,81,0.5,162,27.7,4.78,774,1369,311,26,215,742,78,18,562,1453,0.246,0.319,0.427,0.746,28.4,4.9,4.53,3,7,1,36,1452,794,731,258,546,1392,4.88,1.374
2019,Pittsburgh Pirates,69,93,0.426,162,27.5,4.68,758,1497,315,38,163,722,64,29,425,1213,0.265,0.321,0.42,0.741,27.2,5.62,5.18,1,6,0,31,1511,911,829,241,584,1443,4.78,1.455
2019,San Diego Padres,70,92,0.432,162,26.2,4.21,682,1281,224,24,219,652,70,37,504,1581,0.238,0.308,0.41,0.718,26.3,4.87,4.6,0,6,0,47,1394,789,732,215,463,1475,4.22,1.297
2019,Seattle Mariners,68,94,0.42,162,27.8,4.68,758,1305,254,28,239,730,115,47,588,1581,0.237,0.316,0.424,0.74,28.6,5.51,4.99,3,4,2,34,1484,893,798,260,505,1239,5,1.382
2019,San Francisco Giants,77,85,0.475,162,29.9,4.19,678,1332,300,26,167,655,47,28,475,1435,0.239,0.302,0.392,0.694,28.9,4.77,4.38,1,8,0,41,1395,773,715,227,519,1368,4.55,1.303
2019,St. Louis Cardinals,91,71,0.562,162,28.8,4.72,764,1336,246,24,210,714,116,29,561,1420,0.245,0.322,0.415,0.737,27.8,4.09,3.8,1,14,1,52,1284,662,609,191,545,1399,4.27,1.267
2019,Tampa Bay Rays,96,66,0.593,162,27.2,4.75,769,1427,291,29,217,730,94,37,542,1493,0.254,0.325,0.431,0.757,27.8,4.05,3.65,0,12,0,46,1274,656,598,181,453,1621,3.65,1.171
2019,Texas Rangers,78,84,0.481,162,28.8,5,810,1374,296,24,223,765,131,38,534,1578,0.248,0.319,0.431,0.75,28.3,5.42,5.06,4,9,1,33,1515,878,808,241,583,1379,4.84,1.459
2019,Toronto Blue Jays,67,95,0.414,162,25.9,4.48,726,1299,270,21,247,697,51,20,509,1514,0.236,0.305,0.428,0.733,28,5.11,4.79,1,7,0,33,1450,828,767,228,604,1332,4.82,1.426
2019,Washington Nationals,93,69,0.574,162,28.8,5.39,873,1460,298,27,231,824,116,29,584,1308,0.265,0.342,0.454,0.796,30.8,4.47,4.27,1,13,1,40,1340,724,683,202,517,1511,4.14,1.29
2021,Arizona Diamondbacks,52,110,0.321,162,28.9,4.19,679,1297,308,31,144,644,43,16,537,1465,0.236,0.309,0.382,0.692,28.5,5.51,5.11,3,4,3,22,1480,893,804,232,555,1238,4.88,1.436
2021,Atlanta Braves,88,73,0.547,161,28.2,4.91,790,1307,269,20,239,762,59,19,549,1453,0.244,0.319,0.435,0.754,29.5,4.07,3.88,2,18,2,40,1237,656,608,183,516,1417,4.09,1.243
2021,Baltimore Orioles,52,110,0.321,162,26.7,4.07,659,1296,266,15,195,632,54,23,451,1454,0.239,0.304,0.402,0.705,28.1,5.9,5.84,1,5,1,26,1518,956,910,258,563,1234,5.15,1.484
2021,Boston Red Sox,92,70,0.568,162,28,5.12,829,1434,330,23,219,783,40,21,512,1386,0.261,0.328,0.449,0.777,29.7,4.62,4.26,0,7,0,49,1409,749,671,176,546,1527,3.95,1.378
2021,Chicago Cubs,71,91,0.438,162,29.1,4.35,705,1255,225,26,210,672,86,37,502,1596,0.237,0.312,0.407,0.719,29.4,5.18,4.87,1,8,0,40,1386,839,765,235,596,1358,4.88,1.403
2021,Chicago White Sox,93,69,0.574,162,28,4.91,796,1373,275,22,190,757,57,20,586,1389,0.256,0.336,0.422,0.758,28.3,3.93,3.73,4,13,3,43,1205,636,581,182,485,1588,3.74,1.204
2021,Cincinnati Reds,83,79,0.512,162,28.9,4.85,786,1352,295,13,222,756,36,24,553,1425,0.249,0.328,0.431,0.759,28.9,4.69,4.4,1,8,1,41,1330,760,702,206,617,1524,4.34,1.357
2021,Cleveland Indians,80,82,0.494,162,26.7,4.43,717,1269,248,22,203,686,109,17,453,1387,0.238,0.303,0.407,0.71,26.3,4.49,4.34,0,9,0,39,1281,727,679,216,522,1391,4.43,1.281
2021,Colorado Rockies,74,87,0.46,161,28.1,4.59,739,1338,275,34,182,709,76,23,491,1356,0.249,0.317,0.414,0.731,28.3,4.94,4.82,3,6,1,33,1397,796,748,196,539,1269,4.47,1.386
2021,Detroit Tigers,77,85,0.475,162,28.1,4.3,697,1299,236,37,179,675,88,25,490,1514,0.242,0.308,0.399,0.707,27.3,4.67,4.32,2,7,1,42,1370,756,681,199,571,1259,4.6,1.367
2021,Houston Astros,95,67,0.586,162,28.9,5.33,863,1496,299,14,221,834,53,16,569,1222,0.267,0.339,0.444,0.783,28.7,4.06,3.78,2,8,0,34,1231,658,607,187,549,1456,4.12,1.232
2021,Kansas City Royals,74,88,0.457,162,29.3,4.23,686,1349,251,29,163,647,124,33,421,1258,0.249,0.306,0.396,0.702,27.9,4.86,4.64,1,7,0,37,1375,788,731,189,591,1344,4.39,1.387
2021,Los Angeles Angels,77,85,0.475,162,29.2,4.46,723,1331,265,23,190,691,79,26,464,1394,0.245,0.31,0.407,0.717,28.6,4.96,4.69,1,4,0,39,1373,804,741,188,592,1453,4.25,1.382
2021,Los Angeles Dodgers,106,56,0.654,162,29.2,5.12,830,1330,247,24,237,799,65,17,613,1408,0.244,0.33,0.429,0.759,28.8,3.46,3.01,1,17,0,56,1107,561,486,161,486,1599,3.54,1.097
2021,Miami Marlins,67,95,0.414,162,28.2,3.85,623,1244,226,23,158,594,106,29,450,1553,0.233,0.298,0.372,0.671,27.3,4.33,3.96,1,8,0,33,1282,701,622,162,529,1381,4.01,1.28
2021,Milwaukee Brewers,95,67,0.586,162,28.7,4.56,738,1251,255,18,194,700,82,21,586,1465,0.233,0.317,0.396,0.713,28.1,3.85,3.5,2,19,1,44,1156,623,558,168,537,1618,3.72,1.179
2021,Minnesota Twins,73,89,0.451,162,28.3,4.5,729,1311,271,17,228,690,54,15,525,1405,0.241,0.314,0.423,0.738,29.8,5.15,4.83,1,9,0,42,1392,834,762,239,484,1317,4.66,1.322
2021,New York Mets,77,85,0.475,162,28.2,3.93,636,1243,228,18,176,604,54,26,495,1392,0.239,0.315,0.391,0.705,29.5,4.12,3.9,2,8,1,41,1221,668,597,190,475,1453,4.03,1.23
2021,New York Yankees,92,70,0.568,162,29.3,4.39,711,1266,213,12,222,666,63,18,621,1482,0.237,0.322,0.407,0.729,29.3,4.13,3.74,3,13,2,47,1243,669,596,196,492,1569,3.9,1.209
2021,Oakland Athletics,86,76,0.531,162,30.1,4.59,743,1284,271,19,199,698,88,20,545,1349,0.238,0.317,0.406,0.723,30.1,4.24,4.02,3,11,3,39,1362,687,640,191,439,1332,4.1,1.257
2021,Philadelphia Phillies,82,80,0.506,162,29.1,4.53,734,1288,262,24,198,700,77,19,564,1402,0.24,0.318,0.408,0.726,28.8,4.6,4.39,5,12,4,36,1321,745,692,200,509,1480,4.15,1.29
2021,Pittsburgh Pirates,61,101,0.377,162,27.5,3.76,609,1261,240,35,124,570,60,30,529,1328,0.236,0.309,0.364,0.673,27.4,5.14,5.08,0,6,0,25,1400,833,788,213,606,1312,4.74,1.437
2021,San Diego Padres,79,83,0.488,162,28,4.5,729,1305,273,21,180,695,110,39,586,1324,0.242,0.321,0.401,0.722,29.6,4.37,4.1,2,11,2,43,1277,708,651,205,516,1517,4.18,1.254
2021,Seattle Mariners,90,72,0.556,162,27,4.3,697,1209,233,11,199,673,64,24,535,1492,0.226,0.303,0.385,0.688,28,4.62,4.3,1,10,0,51,1356,748,688,197,485,1328,4.26,1.278
2021,San Francisco Giants,107,55,0.66,162,30.6,4.96,804,1360,271,25,241,768,66,14,602,1461,0.249,0.329,0.44,0.769,29.7,3.67,3.24,2,18,2,56,1254,594,524,151,416,1425,3.55,1.148
2021,St. Louis Cardinals,90,72,0.556,162,28.5,4.36,706,1303,261,22,198,678,89,22,478,1341,0.244,0.313,0.412,0.725,30.1,4.15,3.98,3,15,1,50,1234,672,626,152,608,1225,4.3,1.3
2021,Tampa Bay Rays,100,62,0.617,162,27.7,5.29,857,1336,288,36,222,810,88,42,585,1542,0.243,0.321,0.429,0.75,28.8,4.02,3.67,1,13,0,42,1264,651,593,184,436,1478,3.79,1.168
2021,Texas Rangers,60,102,0.37,162,26.8,3.86,625,1254,225,24,167,598,106,29,433,1381,0.232,0.294,0.375,0.67,27.8,5.03,4.79,0,3,0,31,1402,815,758,232,513,1239,4.76,1.344
2021,Toronto Blue Jays,91,71,0.562,162,26.8,5.22,846,1455,285,13,262,816,81,20,496,1218,0.266,0.33,0.466,0.797,29.1,4.09,3.91,1,14,1,34,1257,663,610,209,473,1468,4.18,1.231
2021,Washington Nationals,65,97,0.401,162,28.7,4.47,724,1388,272,20,182,686,56,26,573,1303,0.258,0.337,0.417,0.754,30.1,5.06,4.8,1,8,0,36,1364,820,743,247,548,1346,4.87,1.371